{"cameraMode":{"drawMode":0,"name":"Shaded","section":"Shading Mode"},"sceneLighting":false,"audioPlay":false,"sceneViewState":{"m_AlwaysRefresh":false,"showFog":true,"showSkybox":false,"showFlares":true,"showImageEffects":true,"showParticleSystems":true,"showVisualEffectGraphs":true,"m_FxEnabled":true},"in2DMode":false,"pivot":{"x":0.43253087997436526,"y":2.311412811279297,"z":-13.190747261047364},"rotation":{"x":-0.12894441187381745,"y":0.011005939915776253,"z":-0.001428204937838018,"w":-0.9916069507598877},"size":0.08660262823104859,"orthographic":false}